CID,CSRCREPO,CSRCFLDR,CSRCSFX,CLANG
DL96AREA,Performance-Engine,MAC,mac,HLASM
DL96EQU,Performance-Engine,MAC,mac,HLASM
EXECDATA,Performance-Engine,MAC,mac,HLASM
GVBASSRT,Performance-Engine,MAC,mac,HLASM
GVBAUR35,Performance-Engine,MAC,mac,HLASM
GVBAX88P,Performance-Engine,MAC,mac,HLASM
GVBBLD#A,Performance-Engine,MAC,mac,HLASM
GVBDECB,Performance-Engine,MAC,mac,HLASM
GVBEYE,Performance-Engine,MAC,mac,HLASM
GVBHDR,Performance-Engine,MAC,mac,HLASM
GVBLDX,Performance-Engine,MAC,mac,HLASM
GVBLOGIT,Performance-Engine,MAC,mac,HLASM
GVBLTCCA,Performance-Engine,MAC,mac,HLASM
GVBLTF0A,Performance-Engine,MAC,mac,HLASM
GVBLTF1A,Performance-Engine,MAC,mac,HLASM
GVBLTF2A,Performance-Engine,MAC,mac,HLASM
GVBLTGEN,Performance-Engine,MAC,mac,HLASM
GVBLTHDA,Performance-Engine,MAC,mac,HLASM
GVBLTNVA,Performance-Engine,MAC,mac,HLASM
GVBLTREA,Performance-Engine,MAC,mac,HLASM
GVBLTVNA,Performance-Engine,MAC,mac,HLASM
GVBLTVVA,Performance-Engine,MAC,mac,HLASM
GVBLTV1A,Performance-Engine,MAC,mac,HLASM
GVBLTV2A,Performance-Engine,MAC,mac,HLASM
GVBLTV3,Performance-Engine,MAC,mac,HLASM
GVBLTWRA,Performance-Engine,MAC,mac,HLASM
GVBMRSQP,Performance-Engine,MAC,mac,HLASM
GVBMRZPE,Performance-Engine,MAC,mac,HLASM
GVBMR88C,Performance-Engine,MAC,mac,HLASM
GVBMR88W,Performance-Engine,MAC,mac,HLASM
GVBMR95C,Performance-Engine,MAC,mac,HLASM
GVBMR95L,Performance-Engine,MAC,mac,HLASM
GVBMR95W,Performance-Engine,MAC,mac,HLASM
GVBMSG,Performance-Engine,MAC,mac,HLASM
GVBMSGDF,Performance-Engine,MAC,mac,HLASM
GVBMSGGE,Performance-Engine,MAC,mac,HLASM
GVBMURB4,Performance-Engine,MAC,mac,HLASM
GVBPARM,Performance-Engine,MAC,mac,HLASM
GVBPCONT,Performance-Engine,MAC,mac,HLASM
GVBPHEAD,Performance-Engine,MAC,mac,HLASM
GVBRPTHD,Performance-Engine,MAC,mac,HLASM
GVBRPTH8,Performance-Engine,MAC,mac,HLASM
GVBRPTIT,Performance-Engine,MAC,mac,HLASM
GVBSRCH,Performance-Engine,MAC,mac,HLASM
GVBSTX,Performance-Engine,MAC,mac,HLASM
GVBUR20P,Performance-Engine,MAC,mac,HLASM
GVBUTEQU,Performance-Engine,MAC,mac,HLASM
GVBX95PA,Performance-Engine,MAC,mac,HLASM
GVB0001A,Performance-Engine,MAC,mac,HLASM
GVB0001B,Performance-Engine,MAC,mac,HLASM
GVB0002A,Performance-Engine,MAC,mac,HLASM
GVB0050A,Performance-Engine,MAC,mac,HLASM
GVB0050B,Performance-Engine,MAC,mac,HLASM
GVB0100A,Performance-Engine,MAC,mac,HLASM
GVB0200A,Performance-Engine,MAC,mac,HLASM
GVB0200B,Performance-Engine,MAC,mac,HLASM
GVB0210A,Performance-Engine,MAC,mac,HLASM
GVB0210B,Performance-Engine,MAC,mac,HLASM
GVB0300A,Performance-Engine,MAC,mac,HLASM
GVB0300B,Performance-Engine,MAC,mac,HLASM
GVB0400A,Performance-Engine,MAC,mac,HLASM
GVB0500A,Performance-Engine,MAC,mac,HLASM
GVB0600A,Performance-Engine,MAC,mac,HLASM
GVB0601A,Performance-Engine,MAC,mac,HLASM
GVB0650A,Performance-Engine,MAC,mac,HLASM
GVB0650B,Performance-Engine,MAC,mac,HLASM
GVB0700A,Performance-Engine,MAC,mac,HLASM
GVB0800A,Performance-Engine,MAC,mac,HLASM
GVB0801A,Performance-Engine,MAC,mac,HLASM
GVB0801B,Performance-Engine,MAC,mac,HLASM
GVB1000A,Performance-Engine,MAC,mac,HLASM
GVB1000B,Performance-Engine,MAC,mac,HLASM
GVB1200A,Performance-Engine,MAC,mac,HLASM
GVB1210A,Performance-Engine,MAC,mac,HLASM
GVB1300A,Performance-Engine,MAC,mac,HLASM
GVB1400A,Performance-Engine,MAC,mac,HLASM
GVB1600A,Performance-Engine,MAC,mac,HLASM
GVB2000A,Performance-Engine,MAC,mac,HLASM
GVB2000B,Performance-Engine,MAC,mac,HLASM
GVB2200A,Performance-Engine,MAC,mac,HLASM
GVB2210A,Performance-Engine,MAC,mac,HLASM
GVB2300A,Performance-Engine,MAC,mac,HLASM
GVB2300B,Performance-Engine,MAC,mac,HLASM
GVB3000A,Performance-Engine,MAC,mac,HLASM
GVB3200A,Performance-Engine,MAC,mac,HLASM
GVB4000A,Performance-Engine,MAC,mac,HLASM
GVB4200A,Performance-Engine,MAC,mac,HLASM
HDRINFO,Performance-Engine,MAC,mac,HLASM
LKUPCODE,Performance-Engine,MAC,mac,HLASM
MAJRFTAB,Performance-Engine,MAC,mac,HLASM
REPTDATA,Performance-Engine,MAC,mac,HLASM
VDPHEADR,Performance-Engine,MAC,mac,HLASM